case_id,age,monthly_income,work_years,existing_debt,overdue_count,asset_proof_count,amount,term_months,purpose,debt_income_ratio,ground_truth_risk
CASE_0829,47,6314.39,8.0,27088.75,0,1,8335,36,used car,0.3575,HIGH
CASE_0998,38,2233.33,8.0,3055.2,0,1,804,12,radio television,0.114,LOW
CASE_0149,28,4068.94,2.0,34911.5,2,2,5371,36,furniture equipment,0.715,LOW
CASE_0736,29,3022.73,0.5,12967.5,0,1,3990,36,domestic appliances,0.3575,LOW
CASE_0131,24,3031.07,5.0,18247.05,0,2,8487,48,new car,0.5017,LOW
CASE_0655,35,3258.33,5.0,17829.6,2,1,2346,24,used car,0.456,LOW
CASE_0785,60,5544.0,0.0,13906.2,0,3,6468,20,used car,0.209,LOW
CASE_0319,32,1947.22,2.0,5327.6,2,1,701,12,education,0.228,LOW
CASE_0273,36,8450.69,0.0,46242.2,0,1,12169,48,new car,0.456,LOW
CASE_0784,23,2322.22,0.5,3176.8,0,3,836,12,new car,0.114,HIGH
CASE_0568,34,2148.33,8.0,6960.6,2,3,2578,24,radio television,0.27,LOW
CASE_0321,28,4721.11,0.0,32292.4,2,1,4249,30,new car,0.57,HIGH
CASE_0212,45,2130.56,8.0,10354.5,0,3,3835,36,radio television,0.405,LOW
CASE_0783,31,2350.0,2.0,3807.0,0,2,1410,12,retraining,0.135,LOW
CASE_0368,22,3476.19,0.5,7847.5,0,1,3650,18,furniture equipment,0.1881,LOW
CASE_0971,22,3364.44,2.0,5753.2,0,3,1514,15,repairs,0.1425,LOW
CASE_0897,28,4136.51,0.5,9902.8,0,2,2606,21,radio television,0.1995,LOW
CASE_0931,24,2426.39,0.5,6638.6,0,2,1747,24,furniture equipment,0.228,LOW
CASE_0252,46,3215.71,2.0,4839.65,0,1,2251,12,furniture equipment,0.1254,LOW
CASE_0391,30,2022.22,2.0,4914.0,0,2,1820,18,new car,0.2025,LOW
CASE_0742,23,3493.33,2.0,3982.4,0,2,1048,10,radio television,0.095,LOW
CASE_0553,34,2499.64,5.0,30095.7,0,2,6999,48,radio television,1.0033,HIGH
CASE_0288,31,3159.17,0.0,20471.4,1,1,7582,48,others,0.54,LOW
CASE_0653,45,3198.61,8.0,8751.4,0,2,2303,24,new car,0.228,HIGH
CASE_0907,24,3583.81,5.0,10160.1,0,3,3763,21,new car,0.2362,LOW
CASE_0905,36,1800.0,8.0,4856.4,0,2,1278,24,radio television,0.2248,LOW
CASE_0152,38,3298.29,2.0,4136.6,0,2,1924,10,radio television,0.1045,LOW
CASE_0835,25,3102.67,0.5,6282.9,0,2,2327,15,radio television,0.1687,HIGH
CASE_0778,25,6498.15,5.0,13334.2,0,2,3509,18,radio television,0.171,LOW
CASE_0360,23,2673.33,5.0,9142.8,0,2,2406,30,furniture equipment,0.285,HIGH
CASE_0577,27,4883.33,5.0,7911.0,0,2,2930,12,radio television,0.135,LOW
CASE_0771,26,2343.33,8.0,7592.4,0,3,2812,24,used car,0.27,LOW
CASE_0390,27,4390.91,5.0,9418.5,0,1,1449,9,business,0.1787,LOW
CASE_0943,31,1800.0,5.0,3530.2,0,2,929,24,furniture equipment,0.1634,LOW
CASE_0051,29,3240.28,0.5,8865.4,1,3,2333,24,furniture equipment,0.228,LOW
CASE_0414,40,4355.45,2.0,5190.25,0,1,1597,10,new car,0.0993,LOW
CASE_0194,29,7026.67,5.0,5691.6,0,2,2108,6,radio television,0.0675,LOW
CASE_0351,23,2354.29,0.5,2657.4,0,2,1236,9,domestic appliances,0.0941,LOW
CASE_0995,50,6638.89,8.0,9082.0,0,2,2390,12,new car,0.114,LOW
CASE_0723,24,3411.11,2.0,4666.4,0,2,1228,12,new car,0.114,HIGH
CASE_0875,29,5983.33,2.0,9693.0,0,2,3590,12,furniture equipment,0.135,LOW
CASE_0547,37,2808.33,2.0,7683.6,2,1,2022,24,new car,0.228,LOW
CASE_0760,35,1919.44,8.0,5251.6,2,2,691,12,new car,0.228,HIGH
CASE_0234,25,1800.0,2.0,3290.8,0,2,866,18,radio television,0.1524,LOW
CASE_0810,26,2370.67,0.5,9601.2,0,2,1778,15,new car,0.3375,HIGH
CASE_0307,24,3207.33,5.0,12989.7,0,3,4811,30,used car,0.3375,LOW
CASE_0491,26,3223.33,8.0,10443.6,2,0,1934,12,radio television,0.27,LOW
CASE_0289,49,3033.33,2.0,8299.2,0,2,1092,12,radio television,0.228,LOW
CASE_0728,25,3485.19,2.0,14303.2,0,1,1882,18,radio television,0.342,HIGH
CASE_0199,36,3833.33,8.0,10488.0,0,1,2760,24,used car,0.228,LOW
CASE_0584,33,2207.41,0.5,9059.2,0,0,2384,36,repairs,0.342,HIGH
CASE_0753,23,1800.0,5.0,2270.7,0,3,841,12,business,0.1051,LOW
CASE_0302,42,3522.22,2.0,14455.2,0,1,3804,36,radio television,0.342,HIGH
CASE_0592,42,2729.17,2.0,14934.0,1,2,1965,24,new car,0.456,LOW
CASE_0126,30,5891.67,2.0,16119.6,2,2,2121,12,new car,0.228,LOW
CASE_0490,26,11726.67,2.0,9498.6,0,2,3518,6,new car,0.0675,LOW
CASE_0607,74,5143.18,2.0,14709.5,2,2,4526,24,business,0.2383,LOW
CASE_0624,22,5161.11,0.5,7060.4,0,1,1858,12,furniture equipment,0.114,LOW
CASE_0073,51,3968.18,8.0,7566.0,2,0,1164,8,others,0.1589,LOW
CASE_0755,55,4319.44,8.0,11818.0,1,2,1555,12,repairs,0.228,HIGH
CASE_0513,26,3582.67,5.0,7254.9,0,2,2687,15,business,0.1687,LOW
CASE_0218,23,2173.89,2.0,10565.1,0,2,3913,36,radio television,0.405,LOW
CASE_0106,39,9948.33,2.0,64465.2,2,1,11938,24,others,0.54,HIGH
CASE_0657,41,2466.67,8.0,3374.4,0,1,888,12,new car,0.114,HIGH
CASE_0400,43,2105.56,2.0,11521.6,2,4,1516,24,radio television,0.456,LOW
CASE_0209,21,5473.33,2.0,17733.6,0,1,6568,24,business,0.27,LOW
CASE_0981,49,5590.67,5.0,22642.2,2,2,8386,30,furniture equipment,0.3375,HIGH
CASE_0748,37,2895.45,0.5,4140.5,0,2,1274,12,new car,0.1192,HIGH
CASE_0100,36,9623.18,5.0,45870.5,1,3,7057,20,used car,0.3972,LOW
CASE_0949,43,2838.89,0.5,5825.4,0,2,1533,18,furniture equipment,0.171,HIGH
CASE_0786,35,3594.44,2.0,7375.8,0,4,1941,18,business,0.171,LOW
CASE_0433,36,10400.0,0.0,21340.8,2,0,1872,6,furniture equipment,0.171,LOW
CASE_0636,47,3869.44,8.0,15880.2,0,2,1393,12,education,0.342,LOW
CASE_0598,36,3029.29,2.0,27354.45,0,2,4241,24,business,0.7525,HIGH
CASE_0737,23,8257.14,2.0,49708.0,0,1,11560,24,used car,0.5017,HIGH
CASE_0640,26,2837.66,5.0,28405.0,1,2,4370,42,radio television,0.8342,HIGH
CASE_0987,33,2994.76,0.5,33960.6,0,2,6289,42,business,0.945,LOW
CASE_0608,50,2473.15,2.0,10149.8,0,1,2671,36,radio television,0.342,HIGH
CASE_0448,35,7360.0,2.0,6955.2,0,2,2576,7,radio television,0.0788,LOW
CASE_0063,61,1808.33,8.0,7421.4,0,0,1953,36,business,0.342,HIGH
CASE_0604,28,3100.93,2.0,12726.2,0,1,3349,36,furniture equipment,0.342,HIGH
CASE_0986,25,3184.44,2.0,10890.8,2,2,1433,15,furniture equipment,0.285,LOW
CASE_0656,22,4864.9,0.0,8541.95,0,0,3973,14,new car,0.1463,LOW
CASE_0240,39,1800.0,8.0,5422.3,0,2,2522,30,radio television,0.251,LOW
CASE_0514,20,1800.0,2.0,4446.0,1,2,585,12,radio television,0.2058,LOW
CASE_0929,58,2074.44,8.0,7094.6,0,2,1867,30,radio television,0.285,LOW
CASE_0853,35,3268.89,2.0,11179.6,2,0,1471,15,radio television,0.285,LOW
CASE_0647,32,3055.33,2.0,24748.2,0,2,4583,30,furniture equipment,0.675,LOW
CASE_0863,35,3387.5,0.5,9268.2,0,2,2439,24,radio television,0.228,HIGH
CASE_1000,27,2773.33,0.0,14872.0,2,2,4576,45,used car,0.4469,LOW
CASE_0245,35,9575.0,2.0,13098.6,0,3,3447,12,retraining,0.114,LOW
CASE_0001,67,6494.44,8.0,8884.4,2,3,1169,6,radio television,0.114,LOW
CASE_0080,22,2554.67,0.5,10346.4,0,2,3832,30,furniture equipment,0.3375,LOW
CASE_0505,24,1800.0,0.5,4586.6,0,2,1207,24,new car,0.2123,HIGH
CASE_0052,30,3787.3,8.0,25649.5,1,1,5965,27,used car,0.5644,LOW
CASE_0214,66,2120.0,8.0,7250.4,1,2,1908,30,business,0.285,HIGH
CASE_0894,34,4393.94,2.0,37700.0,2,1,5800,36,used car,0.715,LOW
CASE_0306,33,8572.22,2.0,5863.4,0,4,1543,6,furniture equipment,0.057,LOW
CASE_0973,29,1800.0,0.0,5129.9,0,0,1193,24,new car,0.2375,HIGH
CASE_0600,32,2759.29,2.0,8305.45,1,0,3863,24,business,0.2508,LOW
CASE_0838,23,2575.71,0.5,1292.15,0,2,601,4,furniture equipment,0.0418,LOW
CASE_0611,22,2058.33,0.0,2815.8,0,3,741,12,domestic appliances,0.114,HIGH
CASE_0695,28,3172.22,5.0,8679.2,0,1,2284,24,radio television,0.228,LOW
CASE_0751,49,1800.0,8.0,1155.6,0,2,428,6,furniture equipment,0.0535,LOW
CASE_0851,33,3725.0,2.0,16986.0,2,2,2235,20,new car,0.38,HIGH
CASE_0970,40,6138.7,2.0,16937.7,2,2,3939,11,new car,0.2299,LOW
CASE_0034,57,3511.11,8.0,4803.2,2,1,1264,12,business,0.114,LOW
CASE_0504,38,1800.0,0.5,9241.6,2,1,1216,24,radio television,0.4279,HIGH
CASE_0475,33,2305.56,2.0,4731.0,2,1,1245,18,radio television,0.171,HIGH
CASE_0468,32,4112.5,8.0,47047.0,1,2,7238,48,radio television,0.9533,LOW
CASE_0463,34,6856.82,0.5,9805.25,0,2,3017,12,furniture equipment,0.1192,LOW
CASE_0425,25,3945.71,8.0,5938.3,0,3,2762,12,furniture equipment,0.1254,HIGH
CASE_0268,38,2129.17,0.5,5825.4,0,1,1533,24,radio television,0.228,LOW
CASE_0685,31,4693.81,5.0,42385.1,1,3,9857,36,business,0.7525,LOW
CASE_0865,25,4420.0,2.0,5967.0,0,2,2210,10,furniture equipment,0.1125,HIGH
CASE_0951,40,5439.39,0.0,35002.5,2,1,3590,18,business,0.5363,LOW
CASE_0059,23,2971.21,8.0,6373.25,0,1,1961,18,new car,0.1788,LOW
CASE_0379,57,13257.41,8.0,54408.4,0,0,14318,36,new car,0.342,HIGH
CASE_0078,51,8674.55,5.0,12881.7,1,2,4771,11,radio television,0.1237,LOW
CASE_0452,29,2354.55,2.0,1683.5,0,2,518,6,radio television,0.0596,LOW
CASE_0013,22,2238.57,2.0,3369.05,0,1,1567,12,radio television,0.1254,LOW
CASE_0569,41,2763.19,5.0,30240.4,0,2,3979,48,radio television,0.912,LOW
CASE_0213,50,3920.74,0.0,28582.2,0,2,5293,27,business,0.6075,HIGH
CASE_0323,34,2425.0,5.0,7857.0,0,0,2910,24,used car,0.27,LOW
CASE_0651,50,5191.67,5.0,28408.8,0,0,7476,48,education,0.456,LOW
CASE_0292,28,4475.24,0.5,20205.7,0,1,9398,36,used car,0.3762,HIGH
CASE_0038,37,3888.89,2.0,7980.0,0,2,2100,18,radio television,0.171,HIGH
CASE_0914,28,3338.18,8.0,4605.3,0,4,2142,11,business,0.115,LOW
CASE_0398,46,1800.0,2.0,15262.0,2,2,2348,36,furniture equipment,0.7066,LOW
CASE_0279,32,13174.29,0.5,9913.65,0,2,4611,6,furniture equipment,0.0627,HIGH
CASE_0272,37,3186.36,5.0,4556.5,2,2,1402,12,furniture equipment,0.1192,LOW
CASE_0793,27,3488.57,2.0,5250.3,2,3,1221,6,furniture equipment,0.1254,LOW
CASE_0848,28,1800.0,0.5,4746.2,0,2,1249,24,new car,0.2197,LOW
CASE_0037,31,2182.14,2.0,13136.5,2,0,6110,48,education,0.5017,LOW
CASE_0581,30,1800.0,8.0,6864.0,2,2,1056,18,new car,0.3178,HIGH
CASE_0006,35,5030.56,2.0,24448.5,0,1,9055,36,education,0.405,LOW
CASE_0166,32,8508.57,2.0,6402.7,0,2,2978,6,furniture equipment,0.0627,LOW
CASE_0837,21,2461.11,2.0,3366.8,0,2,886,12,radio television,0.114,LOW
CASE_0662,23,2500.0,2.0,3420.0,0,2,900,12,new car,0.114,HIGH
CASE_0136,38,3444.44,8.0,9424.0,2,3,1240,12,radio television,0.228,LOW
CASE_0495,39,4822.73,2.0,13793.0,2,2,2122,12,new car,0.2383,LOW
CASE_0408,27,2340.0,0.5,4001.4,0,2,1053,15,radio television,0.1425,LOW
CASE_0115,35,3818.18,8.0,5460.0,0,3,1680,12,radio television,0.1192,LOW
CASE_0858,28,7428.89,2.0,12703.4,2,0,3343,15,furniture equipment,0.1425,LOW
CASE_0627,41,7053.33,2.0,5713.2,0,2,2116,6,furniture equipment,0.0675,LOW
CASE_0459,27,1905.56,0.5,1303.4,0,2,343,6,domestic appliances,0.057,LOW
CASE_0243,24,2616.48,8.0,29932.5,0,0,4605,48,used car,0.9533,HIGH
CASE_0676,26,5033.33,5.0,17214.0,2,1,4530,30,radio television,0.285,LOW
CASE_0814,54,1800.0,2.0,9915.75,0,1,3051,48,domestic appliances,0.4591,HIGH
CASE_0411,20,2731.94,8.0,7474.6,0,1,1967,24,radio television,0.228,LOW
CASE_0908,27,2061.67,2.0,10019.7,0,2,3711,36,education,0.405,LOW
CASE_0036,25,3515.56,0.5,36069.6,2,2,4746,45,radio television,0.855,HIGH
CASE_0941,45,5878.33,0.5,9522.9,0,3,3527,12,new car,0.135,LOW
CASE_0603,34,2551.39,5.0,6980.6,0,0,1837,24,education,0.228,HIGH
CASE_0809,55,3788.98,0.0,19958.45,0,0,9283,42,used car,0.439,LOW
CASE_0882,48,7730.83,2.0,25047.9,0,1,9277,24,used car,0.27,LOW
CASE_0145,23,3631.75,0.5,8694.4,2,2,2288,21,furniture equipment,0.1995,LOW
CASE_0554,27,5541.67,0.5,7581.0,2,2,1995,12,new car,0.114,LOW
CASE_0601,45,5703.67,0.5,5007.35,0,2,2329,7,radio television,0.0732,LOW
CASE_0933,30,3709.09,2.0,7956.0,2,2,1224,9,new car,0.1788,LOW
CASE_0420,33,1929.63,2.0,3959.6,0,3,1042,18,new car,0.171,HIGH
CASE_0488,62,5218.06,8.0,14276.6,0,0,3757,24,new car,0.228,LOW
CASE_0197,28,3948.57,2.0,5942.6,2,1,1382,6,radio television,0.1254,LOW
CASE_0423,47,1800.0,5.0,5173.2,2,2,958,12,new car,0.2395,LOW
CASE_0952,24,1800.0,5.0,11583.0,1,1,2145,36,business,0.5363,HIGH
CASE_0494,38,2044.44,8.0,1398.4,0,3,368,6,radio television,0.057,LOW
CASE_0389,27,3101.33,2.0,6280.2,2,2,2326,15,business,0.1688,LOW
CASE_0988,64,2167.69,0.0,3804.3,0,3,1409,13,radio television,0.1463,LOW
CASE_0332,30,3451.85,2.0,14166.4,2,3,1864,18,education,0.342,HIGH
CASE_0498,40,2201.39,5.0,12046.0,2,2,1585,24,furniture equipment,0.456,LOW
CASE_0371,36,2850.93,2.0,11700.2,0,3,3079,36,new car,0.342,LOW
CASE_0871,40,4265.56,5.0,41461.2,1,2,7678,36,furniture equipment,0.81,LOW
CASE_0393,39,1805.0,5.0,8772.3,0,0,3249,36,new car,0.405,LOW
CASE_0207,43,5375.0,8.0,22059.0,2,2,1935,12,furniture equipment,0.342,LOW
CASE_0968,54,7928.89,8.0,13558.4,0,1,3568,15,radio television,0.1425,LOW
CASE_0702,46,4396.53,8.0,48115.6,2,0,6331,48,used car,0.912,HIGH
CASE_0953,28,4673.86,0.5,13367.25,0,2,4113,24,used car,0.2383,HIGH
CASE_0768,31,4973.14,0.5,6237.15,0,3,2901,10,used car,0.1045,LOW
CASE_0671,27,4703.41,2.0,26903.5,2,3,4139,24,business,0.4767,LOW
CASE_0027,39,2366.67,8.0,1618.8,0,1,426,6,radio television,0.057,LOW
CASE_0437,23,2200.0,5.0,1782.0,0,3,660,6,repairs,0.0675,LOW
CASE_0458,35,7695.45,8.0,11004.5,0,0,3386,12,used car,0.1192,HIGH
CASE_0518,23,3959.44,0.5,38485.8,2,2,7127,36,furniture equipment,0.81,HIGH
CASE_0196,34,3335.56,8.0,8105.4,2,1,1501,9,education,0.2025,HIGH
CASE_0720,31,8383.64,8.0,39962.0,0,2,6148,20,used car,0.3972,LOW
CASE_0465,34,3611.11,5.0,14820.0,0,1,1950,18,business,0.342,LOW
CASE_0242,51,7250.0,5.0,5183.75,0,2,1595,6,radio television,0.0596,LOW
CASE_0159,38,2926.67,5.0,18964.8,0,2,3512,24,new car,0.54,LOW
CASE_0958,37,2564.44,8.0,9347.4,2,2,1154,9,radio television,0.3038,LOW
CASE_0447,34,1800.0,0.5,6999.6,0,1,1842,36,new car,0.3241,HIGH
CASE_0610,45,2888.89,8.0,4940.0,0,1,1300,15,used car,0.1425,LOW
CASE_0109,30,5515.0,0.5,16600.15,0,3,7721,24,furniture equipment,0.2508,LOW
CASE_0010,28,5815.56,0.0,39778.4,2,1,5234,30,new car,0.57,HIGH
CASE_0963,29,6465.45,2.0,11557.0,0,1,3556,15,new car,0.149,LOW
CASE_0626,35,4397.78,8.0,7520.2,0,2,1979,15,radio television,0.1425,LOW
CASE_0769,28,5167.14,8.0,23329.65,2,1,3617,12,furniture equipment,0.3763,LOW
CASE_0721,34,4951.85,0.5,10161.2,0,1,1337,9,radio television,0.171,HIGH
CASE_0526,30,6127.69,0.5,43016.4,0,1,7966,26,used car,0.585,LOW
CASE_0674,24,5942.86,2.0,4472.0,2,2,2080,6,new car,0.0627,LOW
CASE_0680,26,2201.52,0.5,4722.25,0,2,1453,18,radio television,0.1787,LOW
CASE_0190,33,3089.52,2.0,13949.2,0,1,3244,18,furniture equipment,0.3763,LOW
CASE_0153,24,5414.81,2.0,22222.4,0,1,5848,36,radio television,0.342,LOW
CASE_0591,58,1800.0,5.0,5852.0,2,2,385,12,radio television,0.2709,LOW
CASE_0602,30,3400.0,2.0,3488.4,0,2,918,9,furniture equipment,0.0855,HIGH
CASE_0133,27,3610.67,0.5,14623.2,0,2,2708,15,furniture equipment,0.3375,LOW
CASE_0530,41,3009.09,0.5,2151.5,0,2,662,6,new car,0.0596,LOW
CASE_0567,36,2286.67,5.0,3704.4,0,1,1372,12,new car,0.135,HIGH
CASE_0889,34,6124.07,8.0,50266.4,2,1,6614,36,new car,0.684,LOW
CASE_0790,27,4998.33,2.0,22792.4,2,0,5998,40,education,0.38,HIGH
CASE_0731,33,4573.57,0.5,13766.45,1,1,6403,24,radio television,0.2508,LOW
CASE_0020,31,3897.73,8.0,11147.5,0,2,3430,24,radio television,0.2383,LOW
CASE_0713,46,3930.16,8.0,9408.8,0,3,2476,21,used car,0.1995,LOW
CASE_0694,44,13474.29,0.5,20278.8,2,3,4716,6,new car,0.1254,LOW
CASE_0366,36,2570.0,5.0,4163.4,0,1,1542,12,business,0.135,LOW
CASE_0717,40,2797.27,8.0,20000.5,2,2,3077,30,radio television,0.5958,LOW
CASE_0587,36,6220.0,2.0,15114.6,2,2,2799,9,new car,0.2025,LOW
CASE_0342,26,2937.96,5.0,7737.85,0,1,3599,21,furniture equipment,0.2195,LOW
CASE_0631,28,3050.0,2.0,9882.0,0,1,3660,24,radio television,0.27,LOW
CASE_0017,53,3366.67,8.0,18422.4,2,3,2424,24,radio television,0.456,LOW
CASE_0015,28,1870.67,2.0,3788.1,0,1,1403,15,new car,0.1687,LOW
CASE_0616,48,5085.0,2.0,32950.8,0,2,12204,48,business,0.54,LOW
CASE_0816,54,4128.89,2.0,20066.4,1,2,7432,36,new car,0.405,LOW
CASE_0559,27,4036.36,5.0,11544.0,0,1,3552,24,furniture equipment,0.2383,HIGH
CASE_0178,52,1877.78,8.0,2568.8,2,2,338,6,radio television,0.114,LOW
CASE_0244,27,2693.18,2.0,7702.5,2,2,1185,12,business,0.2383,LOW
CASE_0977,64,2510.0,2.0,2033.1,0,2,753,6,radio television,0.0675,LOW
CASE_0069,37,1800.0,2.0,6912.2,0,0,1819,36,education,0.32,HIGH
CASE_0316,31,2542.59,8.0,10434.8,0,1,2746,36,furniture equipment,0.342,HIGH
CASE_0435,25,6472.73,2.0,6942.0,0,2,2136,9,furniture equipment,0.0894,LOW
CASE_0470,35,5317.05,5.0,30413.5,1,1,4679,24,used car,0.4767,LOW
CASE_0083,24,2375.76,2.0,5096.0,0,3,1568,18,business,0.1787,LOW
CASE_0754,25,6412.22,5.0,43859.6,2,1,5771,30,radio television,0.57,LOW
CASE_0226,27,2419.44,2.0,19858.8,0,1,2613,36,repairs,0.684,LOW
CASE_0992,34,3486.67,8.0,5962.2,0,2,1569,15,radio television,0.1425,LOW
CASE_0410,28,2608.33,5.0,10704.6,2,3,939,12,new car,0.342,HIGH
CASE_0280,29,2640.28,2.0,7223.8,0,2,1901,24,radio television,0.228,LOW
CASE_0930,43,3733.33,2.0,10214.4,1,2,1344,12,new car,0.228,LOW
CASE_0646,27,7388.89,0.5,60648.0,1,2,7980,36,business,0.684,HIGH
CASE_0276,32,5137.14,2.0,5798.55,0,2,2697,9,radio television,0.0941,LOW
CASE_0451,30,10235.19,2.0,42005.2,2,2,11054,36,used car,0.342,LOW
CASE_0485,44,3230.56,2.0,4419.4,2,3,1163,12,new car,0.114,LOW
CASE_0870,24,1811.11,8.0,2477.6,0,2,652,12,furniture equipment,0.114,LOW
CASE_0317,38,1800.0,2.0,1911.6,0,2,708,12,furniture equipment,0.0885,LOW
CASE_0081,44,4245.0,0.5,25554.9,0,2,5943,24,radio television,0.5017,HIGH
CASE_0540,45,2903.81,0.5,6555.35,0,2,3049,18,furniture equipment,0.1881,LOW
CASE_0250,22,1800.0,0.0,1407.25,0,2,433,18,radio television,0.0652,HIGH
CASE_0661,23,2947.73,2.0,4215.25,0,2,1297,12,radio television,0.1192,LOW
CASE_0253,24,2388.89,2.0,8170.0,0,0,2150,30,new car,0.285,HIGH
CASE_0035,33,4094.44,0.5,5601.2,0,2,1474,12,furniture equipment,0.114,LOW
CASE_0291,26,1800.0,2.0,2905.2,0,2,1076,12,business,0.1345,LOW
CASE_0184,50,5245.83,2.0,14352.6,2,4,3777,24,furniture equipment,0.228,LOW
CASE_0516,37,3383.33,5.0,4628.4,2,2,609,6,new car,0.114,LOW
CASE_0089,30,4164.81,5.0,8546.2,0,2,2249,18,new car,0.171,LOW
CASE_0864,32,5587.65,0.5,34397.6,2,4,4526,27,furniture equipment,0.513,LOW
CASE_0404,27,1909.52,2.0,6095.2,1,1,802,14,new car,0.266,LOW
CASE_0144,22,2735.56,2.0,6647.4,0,1,2462,18,furniture equipment,0.2025,HIGH
CASE_0249,26,1800.0,2.0,5197.5,0,2,1925,24,furniture equipment,0.2406,LOW
CASE_0906,20,1845.0,2.0,2988.9,0,2,1107,12,radio television,0.135,LOW
CASE_0840,46,3626.39,8.0,19843.6,2,2,2611,24,radio television,0.456,LOW
CASE_0576,24,3717.33,5.0,15055.2,2,1,2788,15,furniture equipment,0.3375,LOW
CASE_0033,30,6517.78,2.0,31676.4,0,2,5866,18,new car,0.405,LOW
CASE_0072,46,3476.19,8.0,5548.0,2,3,730,7,radio television,0.133,LOW
CASE_0862,28,4016.67,2.0,8242.2,1,1,2169,18,business,0.171,HIGH
CASE_0709,25,4466.67,8.0,4582.8,0,2,1206,9,radio television,0.0855,LOW
CASE_0223,30,1963.89,2.0,5373.2,0,2,707,12,radio television,0.228,LOW
CASE_0799,54,1800.0,8.0,5449.2,1,2,717,24,new car,0.2523,LOW
CASE_0094,20,5023.61,8.0,27489.2,2,1,3617,24,furniture equipment,0.456,LOW
CASE_0050,28,5758.33,2.0,7877.4,0,3,2073,12,radio television,0.114,LOW
CASE_0091,56,1800.0,8.0,2348.4,2,2,618,12,radio television,0.1087,LOW
CASE_0691,25,1800.0,2.0,5265.0,2,2,975,15,furniture equipment,0.2437,LOW
CASE_0996,31,3945.45,5.0,5642.0,0,2,1736,12,furniture equipment,0.1192,LOW
CASE_0923,22,4139.39,0.5,4439.5,0,2,1366,9,radio television,0.0894,HIGH
CASE_0893,38,6030.56,2.0,16499.6,2,2,2171,12,new car,0.228,LOW
CASE_0267,36,5837.04,8.0,47910.4,2,3,6304,36,business,0.684,LOW
CASE_0177,42,4295.0,2.0,6957.9,0,1,2577,12,furniture equipment,0.135,LOW
CASE_0578,33,2189.77,2.0,12525.5,2,2,1927,24,education,0.4767,LOW
CASE_0913,25,1994.0,8.0,8075.7,0,2,2991,30,radio television,0.3375,LOW
CASE_0887,34,3923.61,5.0,21470.0,2,1,2825,24,business,0.456,LOW
CASE_0500,28,4410.0,8.0,7144.2,2,2,1323,6,new car,0.135,LOW
CASE_0327,49,9668.33,8.0,15662.7,2,3,5801,12,furniture equipment,0.135,LOW
CASE_0787,40,3316.12,8.0,8693.75,0,2,2675,22,radio television,0.2185,LOW
CASE_0286,35,3910.76,0.5,23052.3,0,2,10722,47,new car,0.4912,LOW
CASE_0087,27,2398.15,0.5,9842.0,2,2,1295,18,furniture equipment,0.342,LOW
CASE_0782,60,2694.44,8.0,7372.0,2,4,1940,24,new car,0.228,LOW
CASE_0645,32,3481.48,5.0,14288.0,2,2,1880,18,radio television,0.342,LOW
CASE_0074,41,2835.24,5.0,32151.6,2,2,5954,42,business,0.945,LOW
CASE_0885,43,4610.23,5.0,13185.25,0,1,4057,24,furniture equipment,0.2383,HIGH
CASE_0926,46,1936.11,0.5,5297.2,0,1,697,12,new car,0.228,HIGH
CASE_0531,32,1800.0,5.0,14774.5,0,1,2273,36,education,0.684,LOW
CASE_0320,27,4163.43,8.0,15664.9,1,2,3643,15,furniture equipment,0.3135,LOW
CASE_0422,30,5633.33,2.0,7706.4,0,2,2028,12,used car,0.114,LOW
CASE_0469,26,1800.0,2.0,14925.6,1,1,2764,33,business,0.691,LOW
CASE_0312,25,7654.17,2.0,20941.8,0,2,5511,24,furniture equipment,0.228,LOW
CASE_0175,26,3251.43,0.5,18435.6,1,2,3414,21,education,0.4725,HIGH
CASE_0028,42,1800.0,2.0,2658.5,0,4,409,12,radio television,0.1231,LOW
CASE_0497,29,8364.81,0.5,34329.2,0,1,9034,36,furniture equipment,0.342,HIGH
CASE_0421,20,4248.0,5.0,8602.2,0,3,3186,15,new car,0.1688,LOW
CASE_0989,29,9137.5,0.0,25000.2,0,0,6579,24,used car,0.228,LOW
CASE_0711,32,1800.0,8.0,4780.4,2,3,629,18,radio television,0.2213,LOW
CASE_0287,26,3325.0,5.0,18194.4,0,2,4788,48,used car,0.456,LOW
CASE_0412,35,5994.21,5.0,47144.5,2,1,7253,33,used car,0.6554,LOW
CASE_0395,31,5346.67,0.0,6496.2,2,1,2406,9,furniture equipment,0.1012,LOW
CASE_0068,22,2797.22,2.0,3826.6,0,4,1007,12,new car,0.114,LOW
CASE_0831,44,3298.61,2.0,18050.0,1,2,2375,24,business,0.456,LOW
CASE_0708,25,8247.22,0.5,22564.4,0,2,2969,12,furniture equipment,0.228,HIGH
CASE_0480,44,3284.44,8.0,11232.8,2,1,1478,15,furniture equipment,0.285,LOW
CASE_0791,39,1800.0,8.0,3207.6,0,2,1188,21,business,0.1485,HIGH
CASE_0734,28,2169.17,2.0,7028.1,0,3,2603,24,used car,0.27,LOW
CASE_0519,43,5468.18,8.0,3909.75,0,3,1203,6,new car,0.0596,LOW
CASE_0304,49,3460.0,5.0,7888.8,2,2,1038,10,new car,0.19,LOW
CASE_0570,31,3839.77,2.0,21963.5,0,1,6758,48,radio television,0.4767,HIGH
CASE_0215,51,3094.44,8.0,12699.6,2,2,3342,36,radio television,0.342,LOW
CASE_0067,29,3618.33,0.5,5861.7,0,1,2171,12,radio television,0.135,LOW
CASE_0985,30,1800.0,5.0,10951.2,2,2,2028,24,furniture equipment,0.507,LOW
CASE_0705,32,3120.99,0.5,9606.4,0,2,2528,27,business,0.2565,LOW
CASE_0121,25,2383.12,2.0,11927.5,0,2,1835,21,radio television,0.4171,HIGH
CASE_0171,33,2111.11,8.0,7220.0,0,1,950,15,new car,0.285,HIGH
CASE_0004,45,3753.33,5.0,21281.4,0,2,7882,42,furniture equipment,0.4725,LOW
CASE_0233,35,4865.91,5.0,6958.25,0,1,2141,12,radio television,0.1192,LOW
CASE_0256,27,2119.43,2.0,15948.7,1,3,7418,60,radio television,0.6271,LOW
CASE_0122,41,5372.22,8.0,29396.8,2,1,3868,24,used car,0.456,LOW
CASE_0382,38,19660.61,0.0,42172.0,0,0,12976,18,used car,0.1787,HIGH
CASE_0409,26,3676.14,8.0,10513.75,0,2,3235,24,radio television,0.2383,LOW
CASE_0375,60,6719.09,8.0,96083.0,0,1,14782,60,others,1.1917,HIGH
CASE_0512,32,2603.33,2.0,12652.2,0,0,4686,36,used car,0.405,LOW
CASE_0890,40,7620.78,0.5,50856.0,0,3,7824,28,used car,0.5561,LOW
CASE_0353,38,3587.78,0.0,8718.3,2,1,3229,18,used car,0.2025,LOW
CASE_0477,24,2195.73,2.0,9762.2,0,2,2569,39,used car,0.3705,LOW
CASE_0558,29,4084.08,2.0,21512.9,0,3,5003,21,new car,0.439,HIGH
CASE_0503,49,2502.22,8.0,3040.2,0,3,1126,9,radio television,0.1013,LOW
CASE_0369,42,3190.74,8.0,13094.8,0,1,3446,36,furniture equipment,0.342,HIGH
CASE_0055,57,2060.19,8.0,16910.0,1,0,2225,36,new car,0.684,HIGH
CASE_0746,28,3769.93,0.5,11680.5,2,2,1797,13,business,0.2582,LOW
CASE_0148,51,1894.44,5.0,5183.2,2,2,682,12,new car,0.228,LOW
CASE_0532,28,3508.0,2.0,14207.4,0,2,2631,15,new car,0.3375,HIGH
CASE_0698,38,1800.0,0.0,1990.9,2,2,926,12,new car,0.0922,LOW
CASE_0201,52,3466.67,8.0,7113.6,2,2,936,9,education,0.171,LOW
CASE_0539,42,5390.97,8.0,29499.4,0,0,7763,48,new car,0.456,HIGH
CASE_0176,53,8316.67,0.0,28443.0,0,3,7485,30,used car,0.285,HIGH
CASE_0541,23,2191.43,0.5,3298.1,0,2,1534,12,radio television,0.1254,HIGH
CASE_0928,39,7150.69,5.0,117385.8,0,0,10297,48,used car,1.368,HIGH
CASE_0781,25,2529.74,5.0,26638.2,2,2,4933,39,radio television,0.8775,HIGH
CASE_0070,25,2216.67,2.0,9097.2,0,2,2394,36,radio television,0.342,LOW
CASE_0551,23,2766.67,5.0,7569.6,2,3,996,12,repairs,0.228,LOW
CASE_0900,42,4614.44,2.0,11213.1,0,1,4153,18,furniture equipment,0.2025,HIGH
CASE_0956,57,1800.0,8.0,9355.6,2,4,1231,24,radio television,0.4331,LOW
CASE_0378,36,3296.1,8.0,2749.5,1,1,846,7,radio television,0.0695,LOW
CASE_0644,33,2570.83,5.0,14067.6,2,1,1851,24,radio television,0.456,LOW
CASE_0156,20,2136.67,2.0,3461.4,0,1,1282,12,furniture equipment,0.135,HIGH
CASE_0388,40,13655.56,0.0,56042.4,2,2,7374,18,furniture equipment,0.342,LOW
CASE_0155,36,9676.39,5.0,26474.6,1,2,6967,24,business,0.228,LOW
CASE_0896,31,6778.03,5.0,29077.75,1,2,8947,36,used car,0.3575,LOW
CASE_0844,50,2165.28,5.0,5924.2,0,1,1559,24,business,0.228,LOW
CASE_0112,23,1800.0,0.5,1489.6,0,2,392,15,education,0.069,LOW
CASE_0798,22,2096.67,0.5,6793.2,2,2,1258,12,furniture equipment,0.27,LOW
CASE_0668,27,1800.0,2.0,7759.35,0,2,3609,48,business,0.3592,LOW
CASE_0557,28,3451.52,0.5,14807.0,0,2,2278,18,new car,0.3575,HIGH
CASE_0239,35,3586.11,2.0,9811.6,2,2,1291,12,radio television,0.228,LOW
CASE_0733,44,3166.67,5.0,2888.0,0,2,760,8,radio television,0.076,LOW
CASE_0132,29,6376.85,2.0,26170.6,1,2,6887,36,education,0.342,HIGH
CASE_0817,62,3822.86,2.0,2876.7,0,3,1338,6,domestic appliances,0.0627,LOW
CASE_0185,36,1800.0,8.0,3359.2,2,1,884,18,new car,0.1555,HIGH
CASE_0326,39,7281.43,5.0,14611.4,2,2,3398,8,new car,0.1672,LOW
CASE_0343,25,3060.0,0.5,6907.95,0,3,3213,18,radio television,0.1881,LOW
CASE_0271,32,4929.63,5.0,10115.6,0,3,2662,18,new car,0.171,LOW
CASE_0565,37,6544.44,2.0,35811.2,1,3,4712,24,business,0.456,LOW
CASE_0499,32,2409.26,8.0,4943.8,0,2,1301,18,radio television,0.171,LOW
CASE_0618,37,10502.86,2.0,23710.2,2,2,3676,6,new car,0.1881,LOW
CASE_0880,36,4494.67,5.0,36406.8,2,3,6742,30,radio television,0.675,LOW
CASE_0594,20,3088.64,2.0,8833.5,0,2,2718,24,new car,0.2383,HIGH
CASE_0638,21,5217.67,5.0,84526.2,1,1,15653,60,radio television,1.35,LOW
CASE_0964,35,2723.86,8.0,15580.5,0,2,2397,24,radio television,0.4767,HIGH
CASE_0173,34,2345.45,0.0,6708.0,1,2,2064,24,furniture equipment,0.2383,HIGH
CASE_0399,46,1800.0,8.0,5258.9,0,2,1223,12,new car,0.2435,HIGH
CASE_0727,47,1800.0,2.0,7106.4,2,3,1316,15,radio television,0.329,LOW
CASE_0915,31,4390.28,2.0,12011.8,0,2,3161,24,business,0.228,HIGH
CASE_0924,30,4550.0,5.0,6506.5,0,2,2002,12,new car,0.1192,LOW
CASE_0415,35,1918.06,2.0,5247.8,0,3,1381,24,new car,0.228,HIGH
CASE_0141,27,2363.33,0.5,1914.3,0,4,709,6,new car,0.0675,LOW
CASE_0883,36,2423.33,8.0,16575.6,2,3,2181,30,new car,0.57,LOW
CASE_0372,33,9196.97,8.0,39455.0,2,1,6070,18,radio television,0.3575,LOW
CASE_0562,24,2147.22,5.0,5874.8,0,1,1546,24,radio television,0.228,HIGH
CASE_0484,30,1800.0,5.0,6240.0,1,4,960,15,furniture equipment,0.2889,LOW
CASE_0667,34,3884.44,2.0,13284.8,0,3,3496,30,furniture equipment,0.285,LOW
CASE_0124,63,2603.33,8.0,5935.6,2,0,781,10,new car,0.19,LOW
CASE_0944,42,7275.0,5.0,11785.5,2,2,1455,4,new car,0.135,LOW
CASE_0585,52,5925.0,8.0,8105.4,0,1,2133,12,new car,0.114,LOW
CASE_0045,58,4265.97,8.0,46686.8,2,0,6143,48,used car,0.912,HIGH
CASE_0104,35,7107.41,5.0,7292.2,2,1,1919,9,furniture equipment,0.0855,LOW
CASE_0164,70,14616.0,0.0,19731.6,0,0,7308,10,new car,0.1125,LOW
CASE_0911,34,4124.07,2.0,33850.4,1,2,4454,36,radio television,0.684,LOW
CASE_0008,35,3860.0,2.0,18759.6,0,1,6948,36,used car,0.405,LOW
CASE_0105,26,4075.0,0.5,6601.5,0,2,2445,12,used car,0.135,LOW
CASE_0772,25,6109.85,2.0,52422.5,2,0,8065,36,education,0.715,HIGH
CASE_0077,34,3146.83,0.5,15067.0,0,1,3965,42,radio television,0.399,HIGH
CASE_0257,35,3727.78,2.0,20398.4,2,2,2684,24,radio television,0.456,LOW
CASE_0365,25,4579.63,0.0,9397.4,0,1,2473,18,furniture equipment,0.171,HIGH
CASE_0224,32,4136.11,2.0,22632.8,1,3,2978,24,business,0.456,LOW
CASE_0128,30,1800.0,2.0,2428.2,0,1,639,12,repairs,0.1124,HIGH
CASE_0406,22,1800.0,0.5,4383.85,0,2,2039,24,radio television,0.203,HIGH
CASE_0303,37,1866.67,5.0,10214.4,2,3,1344,24,new car,0.456,HIGH
CASE_0472,23,2488.89,0.5,1702.4,0,2,448,6,education,0.057,HIGH
CASE_0688,30,2650.0,8.0,10875.6,1,1,2862,36,new car,0.342,LOW
CASE_0806,24,5150.56,5.0,25031.7,0,1,9271,36,new car,0.405,HIGH
CASE_0275,34,6856.0,0.5,25795.7,0,0,11998,30,repairs,0.3135,HIGH
CASE_0560,31,2142.22,0.5,10411.2,2,2,1928,18,furniture equipment,0.405,HIGH
CASE_0976,57,1800.0,2.0,4088.5,0,2,1258,24,radio television,0.1893,LOW
CASE_0310,22,1800.0,2.0,1048.8,0,2,276,9,new car,0.0486,LOW
CASE_0506,27,4363.33,2.0,4974.2,0,3,1309,10,new car,0.095,HIGH
CASE_0107,39,7175.56,8.0,34873.2,0,0,6458,18,new car,0.405,HIGH
CASE_0058,31,5314.44,2.0,51656.4,2,1,9566,36,radio television,0.81,LOW
CASE_0812,28,2200.0,5.0,1573.0,0,2,484,6,radio television,0.0596,LOW
CASE_0092,54,3913.89,8.0,5354.2,2,2,1409,12,used car,0.114,LOW
CASE_0556,22,2218.33,0.5,3593.7,0,1,1331,12,radio television,0.135,HIGH
CASE_0828,36,4627.78,2.0,22491.0,0,1,4165,18,business,0.405,HIGH
CASE_0457,36,7100.0,2.0,21087.0,2,2,3905,11,new car,0.2475,LOW
CASE_0623,38,2718.06,2.0,14873.2,0,3,3914,48,business,0.456,HIGH
CASE_0767,31,2072.0,0.5,8391.6,0,2,3108,30,furniture equipment,0.3375,HIGH
CASE_0756,32,1800.0,5.0,4883.0,0,1,1285,24,new car,0.2261,HIGH
CASE_0641,27,1800.0,0.0,2850.0,0,2,750,18,education,0.1319,HIGH
CASE_0161,36,3263.64,8.0,9334.0,2,3,2872,24,radio television,0.2383,LOW
CASE_0476,26,2965.71,0.5,6695.1,0,2,3114,18,furniture equipment,0.1881,HIGH
CASE_0561,49,4116.67,8.0,11263.2,0,1,2964,24,used car,0.228,LOW
CASE_0056,26,2237.14,2.0,1683.45,0,3,783,6,new car,0.0627,LOW
CASE_0879,27,4309.09,0.5,4621.5,0,0,1422,9,new car,0.0894,HIGH
CASE_0061,27,3091.11,2.0,3755.7,0,2,1391,9,business,0.1013,LOW
CASE_0813,24,8915.74,5.0,73180.4,2,1,9629,36,used car,0.684,HIGH
CASE_0282,50,4372.22,2.0,5981.2,0,2,1574,12,furniture equipment,0.114,LOW
CASE_0481,23,5104.29,2.0,7681.95,2,2,3573,12,radio television,0.1254,LOW
CASE_0936,30,2132.22,0.5,14584.4,1,1,1919,30,radio television,0.57,HIGH
CASE_0620,49,1800.0,2.0,2432.0,0,2,640,12,new car,0.1126,LOW
CASE_0182,30,2475.0,2.0,24057.0,1,2,4455,36,business,0.81,HIGH
CASE_0428,46,2127.78,2.0,8732.4,2,4,1149,18,radio television,0.342,LOW
CASE_0450,61,2749.09,2.0,9828.0,1,4,1512,15,repairs,0.2979,HIGH
CASE_0210,55,3211.36,5.0,4592.25,0,4,1413,12,used car,0.1192,LOW
CASE_0761,59,5765.71,8.0,10846.75,2,2,5045,15,new car,0.1568,LOW
CASE_0208,26,3955.56,5.0,5411.2,2,2,1424,12,domestic appliances,0.114,LOW
CASE_0749,26,4284.08,2.0,11283.2,0,2,5248,21,used car,0.2195,LOW
CASE_0586,20,1941.9,2.0,4383.85,0,2,2039,18,furniture equipment,0.1881,HIGH
CASE_0322,32,2691.67,0.5,7364.4,0,2,1938,24,radio television,0.228,HIGH
CASE_0187,74,11397.78,8.0,13848.3,0,0,5129,9,used car,0.1012,HIGH
CASE_0825,35,5727.27,0.5,24570.0,2,1,3780,18,furniture equipment,0.3575,LOW
CASE_0677,33,7152.78,8.0,19570.0,2,1,5150,24,furniture equipment,0.228,LOW
CASE_0328,34,2118.06,5.0,5795.0,0,3,1525,24,new car,0.228,LOW
CASE_0453,34,4598.33,8.0,14898.6,0,2,2759,12,furniture equipment,0.27,LOW
CASE_0026,36,3925.71,2.0,2954.1,0,2,1374,6,furniture equipment,0.0627,LOW
CASE_0225,30,8467.27,2.0,15135.25,0,1,4657,15,used car,0.149,LOW
CASE_0836,48,3005.56,2.0,8223.2,0,1,1082,12,new car,0.228,HIGH
CASE_0826,30,2542.86,8.0,12175.2,2,1,1602,21,new car,0.399,LOW
CASE_0157,48,3903.03,8.0,8372.0,2,3,1288,9,repairs,0.1788,LOW
CASE_0635,25,1800.0,0.5,4403.75,0,1,1355,24,new car,0.2039,HIGH
CASE_0146,30,2476.39,5.0,13550.8,0,2,3566,48,business,0.456,LOW
CASE_0634,19,4400.0,0.5,10692.0,0,1,1980,9,furniture equipment,0.2025,HIGH
CASE_0296,26,3557.14,0.5,21414.0,0,1,9960,48,furniture equipment,0.5017,HIGH
CASE_0471,22,3513.64,0.5,10049.0,0,2,3092,24,radio television,0.2383,HIGH
CASE_0300,32,3564.94,5.0,17842.5,2,3,2745,21,furniture equipment,0.4171,LOW
CASE_0612,48,2125.71,8.0,2666.0,0,1,1240,10,new car,0.1045,HIGH
CASE_0898,35,3618.18,5.0,5174.0,2,4,1592,12,furniture equipment,0.1192,LOW
CASE_0043,44,6893.33,2.0,16750.8,1,2,6204,18,repairs,0.2025,LOW
CASE_0637,28,1911.11,5.0,5228.8,0,2,1376,24,radio television,0.228,LOW
CASE_0904,40,3080.0,2.0,5266.8,0,3,1386,15,radio television,0.1425,LOW
CASE_0643,40,8405.45,2.0,15024.75,0,3,4623,15,education,0.149,HIGH
CASE_0206,38,9657.27,8.0,103574.25,2,0,10623,30,used car,0.8938,LOW
CASE_0364,21,5045.71,2.0,3796.9,0,2,1766,6,furniture equipment,0.0627,LOW
CASE_0313,26,3124.17,0.5,10122.3,0,1,3749,24,furniture equipment,0.27,LOW
CASE_0696,50,4120.0,2.0,3337.2,0,3,1236,6,used car,0.0675,LOW
CASE_0367,27,5833.33,5.0,25025.0,2,1,3850,18,used car,0.3575,LOW
CASE_0150,46,2929.63,8.0,12023.2,2,3,1582,18,radio television,0.342,LOW
CASE_0251,39,3027.27,5.0,4329.0,2,4,666,6,new car,0.1192,LOW
CASE_0566,23,1800.0,5.0,10094.5,1,3,1553,24,radio television,0.4673,LOW
CASE_0341,24,4785.83,0.5,31012.2,2,0,5743,24,education,0.54,LOW
CASE_0138,66,2127.78,2.0,2910.8,0,3,766,12,radio television,0.114,HIGH
CASE_0205,38,4152.78,8.0,11362.0,2,2,1495,12,new car,0.228,LOW
CASE_0704,41,2781.11,8.0,19022.8,1,3,2503,30,business,0.57,LOW
CASE_0912,25,3946.67,0.5,12787.2,2,1,4736,24,furniture equipment,0.27,HIGH
CASE_0758,39,2310.91,2.0,8261.5,2,1,1271,15,radio television,0.2979,HIGH
CASE_0617,27,3052.33,2.0,24723.9,1,1,9157,60,radio television,0.675,LOW
CASE_0281,23,6123.64,8.0,21892.0,2,2,3368,15,used car,0.2979,LOW
CASE_0334,24,4829.17,2.0,62586.0,2,2,11590,48,used car,1.08,HIGH
CASE_0163,36,2804.44,5.0,9591.2,0,3,1262,15,domestic appliances,0.285,LOW
CASE_0628,29,3193.33,5.0,3879.9,0,1,1437,9,new car,0.1013,HIGH
CASE_0689,35,8342.42,8.0,8947.25,0,2,2753,9,radio television,0.0894,LOW
CASE_0462,36,2294.67,0.5,4646.7,0,2,1721,15,new car,0.1687,LOW
CASE_0362,37,5665.0,8.0,9177.3,0,2,3399,12,radio television,0.135,LOW
CASE_0361,61,2294.44,2.0,4708.2,0,1,1239,18,education,0.171,LOW
CASE_0536,33,2208.57,0.5,6261.3,2,1,2319,21,education,0.2363,HIGH
CASE_0345,37,6769.71,0.5,8490.35,0,2,3949,10,new car,0.1045,LOW
CASE_0548,32,1800.0,5.0,5044.0,0,1,1552,24,radio television,0.2335,LOW
CASE_0401,39,2231.82,0.5,4787.25,0,2,1473,18,radio television,0.1787,LOW
CASE_0186,31,3022.22,2.0,10336.0,2,2,1360,15,radio television,0.285,LOW
CASE_0886,53,2208.33,0.5,3021.0,0,2,795,12,education,0.114,HIGH
CASE_0673,42,3455.33,8.0,27988.2,0,2,10366,60,new car,0.675,LOW
CASE_0950,31,3017.5,8.0,19553.4,0,2,3621,24,radio television,0.54,HIGH
CASE_0407,43,3051.39,5.0,16697.2,2,2,2197,24,used car,0.456,LOW
CASE_0597,23,2002.78,5.0,10959.2,0,1,1442,24,new car,0.456,HIGH
CASE_0982,33,2752.27,0.0,15743.0,0,1,4844,48,business,0.4767,HIGH
CASE_0881,38,8879.55,5.0,25395.5,0,1,7814,24,used car,0.2383,LOW
CASE_0325,36,1903.7,2.0,7812.8,2,2,1028,18,new car,0.342,LOW
CASE_0719,31,3577.27,2.0,20462.0,2,2,3148,24,radio television,0.4767,LOW
CASE_0154,29,6465.0,8.0,20946.6,2,2,7758,24,used car,0.27,LOW
CASE_0820,26,2490.74,2.0,5111.0,0,2,1345,18,radio television,0.171,HIGH
CASE_0596,32,2660.0,0.5,2001.65,0,3,931,6,new car,0.0627,HIGH
CASE_0385,26,2848.0,2.0,23068.8,1,3,4272,30,business,0.675,LOW
CASE_0460,32,6960.61,0.5,14930.5,0,1,4594,18,radio television,0.1787,LOW
CASE_0745,30,12118.8,5.0,107760.4,2,3,14179,39,furniture equipment,0.741,LOW
CASE_0057,52,10780.0,0.0,17463.6,0,1,6468,12,radio television,0.135,HIGH
CASE_0482,26,1800.0,0.5,4563.8,0,2,1201,24,new car,0.2113,LOW
CASE_0336,44,9668.57,2.0,7275.6,2,2,3384,6,furniture equipment,0.0627,HIGH
CASE_0103,24,4236.36,2.0,3029.0,1,2,932,6,radio television,0.0596,LOW
CASE_0856,33,2047.22,0.5,5601.2,0,3,1474,24,new car,0.228,LOW
CASE_0487,52,5128.33,2.0,8307.9,0,1,3077,12,radio television,0.135,LOW
CASE_0120,36,5377.27,5.0,7689.5,2,2,2366,12,new car,0.1192,LOW
CASE_0088,47,6005.71,2.0,27115.8,0,1,12612,36,education,0.3763,HIGH
CASE_0962,47,1920.82,2.0,10117.9,1,2,2353,21,new car,0.439,LOW
CASE_0049,39,11264.42,2.0,31080.4,2,2,7228,11,new car,0.2299,LOW
CASE_0261,27,2761.67,2.0,4473.9,0,2,1657,12,furniture equipment,0.135,LOW
CASE_0830,38,4639.58,2.0,25387.8,1,1,6681,48,business,0.456,LOW
CASE_0703,47,1912.5,8.0,5232.6,0,1,1377,24,radio television,0.228,LOW
CASE_0686,34,3626.11,2.0,24802.6,0,1,6527,60,new car,0.57,LOW
CASE_0030,63,3107.27,8.0,44434.0,1,0,6836,60,business,1.1917,HIGH
CASE_0198,27,2641.67,0.5,14455.2,0,2,951,12,furniture equipment,0.456,HIGH
CASE_0614,22,2594.29,2.0,7808.8,0,1,3632,24,used car,0.2508,LOW
CASE_0639,34,4147.22,0.5,5673.4,0,1,1493,12,radio television,0.114,LOW
CASE_0147,39,2457.14,8.0,3698.0,2,0,860,6,new car,0.1254,LOW
CASE_0246,25,1800.0,5.0,4780.4,0,2,1258,24,business,0.2213,LOW
CASE_0308,33,2019.44,0.5,2762.6,0,1,727,12,radio television,0.114,HIGH
CASE_0117,30,5693.65,5.0,27261.2,0,2,7174,42,radio television,0.399,HIGH
CASE_0892,46,4064.44,8.0,13900.4,2,1,1829,15,radio television,0.285,LOW
CASE_0416,35,3245.56,8.0,31546.8,2,2,5842,36,used car,0.81,LOW
CASE_0170,31,2687.5,8.0,14706.0,2,2,1935,24,business,0.456,HIGH
CASE_0265,32,3357.27,8.0,8001.5,2,2,1231,10,new car,0.1986,LOW
CASE_0016,32,1800.0,2.0,4871.6,0,2,1282,24,radio television,0.2255,HIGH
CASE_0966,26,1905.56,2.0,6517.0,0,2,1715,30,radio television,0.285,LOW
CASE_0216,39,2662.86,5.0,4007.6,2,3,932,6,retraining,0.1254,LOW
CASE_0633,23,3208.89,0.5,5487.2,0,3,1444,15,radio television,0.1425,LOW
CASE_0046,35,4221.21,0.5,10586.8,2,1,1393,11,new car,0.209,LOW
CASE_0759,31,1800.0,2.0,3761.1,0,2,1393,24,new car,0.1741,LOW
CASE_0099,36,2163.89,8.0,8880.6,2,2,2337,36,radio television,0.342,LOW
CASE_0961,30,5800.0,8.0,9396.0,2,2,1740,6,radio television,0.135,LOW
CASE_0386,25,2486.67,2.0,12085.2,2,1,2238,18,radio television,0.405,LOW
CASE_0357,49,3330.0,8.0,5011.65,2,3,2331,12,radio television,0.1254,LOW
CASE_0583,26,5140.74,2.0,5274.4,0,2,1388,9,furniture equipment,0.0855,LOW
CASE_0064,25,6008.75,2.0,38936.7,0,1,14421,48,business,0.54,HIGH
CASE_0248,35,6688.89,2.0,4575.2,0,1,1204,6,new car,0.057,LOW
CASE_0777,37,3273.15,5.0,26866.0,2,1,3535,36,new car,0.684,LOW
CASE_0690,31,5215.71,2.0,7849.65,0,4,3651,12,new car,0.1254,LOW
CASE_0355,46,2423.33,8.0,2762.6,0,1,727,10,education,0.095,LOW
CASE_0041,30,2592.22,8.0,8865.4,0,2,2333,30,radio television,0.285,LOW
CASE_0873,26,1919.44,5.0,10503.2,2,3,1382,24,business,0.456,LOW
CASE_0127,40,1947.22,2.0,2663.8,0,2,701,12,radio television,0.114,LOW
CASE_0329,31,4141.67,8.0,16997.4,0,1,4473,36,radio television,0.342,LOW
CASE_0544,34,3182.22,2.0,7732.8,0,2,2864,18,furniture equipment,0.2025,HIGH
CASE_0774,52,3087.5,8.0,16894.8,2,3,2223,24,radio television,0.456,LOW
CASE_0527,31,3404.44,2.0,5821.6,2,2,1532,15,education,0.1425,LOW
CASE_0821,27,2502.27,2.0,7156.5,0,2,1101,12,new car,0.2383,LOW
CASE_0266,37,1800.0,8.0,3047.6,0,1,802,15,radio television,0.1411,HIGH
CASE_0534,26,1820.83,5.0,4981.8,0,3,1311,24,radio television,0.228,LOW
CASE_0114,25,7273.15,2.0,59698.0,2,2,7855,36,new car,0.684,HIGH
CASE_0438,37,1800.0,8.0,9781.2,2,4,1287,24,new car,0.4528,LOW
CASE_0582,49,4462.86,0.5,13433.2,2,2,3124,12,new car,0.2508,LOW
CASE_0919,33,1800.0,0.0,5071.85,0,3,2359,24,furniture equipment,0.2348,HIGH
CASE_0169,25,3310.0,5.0,10724.4,0,2,3972,24,furniture equipment,0.27,LOW
CASE_0402,28,3494.44,2.0,14341.2,2,3,1887,18,business,0.342,LOW
CASE_0340,31,5070.0,2.0,5779.8,0,1,1521,10,furniture equipment,0.095,LOW
CASE_0707,24,3727.27,5.0,21320.0,0,3,6560,48,new car,0.4767,HIGH
CASE_0359,28,2155.56,2.0,2948.8,0,2,776,12,radio television,0.114,LOW
CASE_0910,33,6085.71,2.0,6869.25,0,3,3195,9,new car,0.0941,LOW
CASE_0824,47,3045.83,8.0,5555.6,2,2,731,8,new car,0.152,LOW
CASE_0174,33,5891.67,2.0,5373.2,0,2,1414,8,radio television,0.076,LOW
CASE_0346,43,3242.22,2.0,5544.2,2,1,1459,15,radio television,0.1425,LOW
CASE_0021,48,7903.7,2.0,24327.6,2,1,2134,9,new car,0.2565,LOW
CASE_0324,28,4924.07,2.0,10104.2,0,3,2659,18,furniture equipment,0.171,LOW
CASE_0011,25,2943.18,0.5,4208.75,0,1,1295,12,new car,0.1192,HIGH
CASE_0622,32,2318.18,2.0,9945.0,2,2,1530,18,new car,0.3575,HIGH
CASE_0192,34,2669.44,5.0,14607.2,0,1,3844,48,business,0.456,HIGH
CASE_0843,23,3598.15,0.5,7383.4,0,2,1943,18,repairs,0.171,HIGH
CASE_0770,63,2758.33,8.0,8937.0,2,2,1655,12,radio television,0.27,LOW
CASE_0927,21,1942.59,0.5,3986.2,2,2,1049,18,furniture equipment,0.171,LOW
CASE_0203,26,5168.69,5.0,33260.5,1,1,5117,27,business,0.5362,LOW
CASE_0202,27,3244.44,2.0,4438.4,0,2,1168,12,new car,0.114,LOW
CASE_0764,30,20126.98,8.0,48184.0,2,1,12680,21,new car,0.1995,HIGH
CASE_0427,29,3265.48,8.0,20846.8,2,1,2743,28,radio television,0.532,LOW
CASE_0738,35,6636.36,2.0,14235.0,0,2,4380,18,new car,0.1788,LOW
CASE_0675,41,4095.24,0.5,9804.0,1,3,2580,21,business,0.1995,HIGH
CASE_0980,25,1800.0,2.0,3412.8,0,3,1264,15,new car,0.158,HIGH
CASE_0060,23,5767.59,0.5,47340.4,2,0,6229,36,furniture equipment,0.684,HIGH
CASE_0522,24,3544.44,2.0,8613.0,0,2,3190,18,radio television,0.2025,HIGH
CASE_0333,24,4115.56,0.5,28150.4,0,3,7408,60,new car,0.57,HIGH
CASE_0032,27,3350.0,2.0,10854.0,0,1,4020,24,furniture equipment,0.27,LOW
CASE_0018,25,5381.33,0.5,65383.2,0,2,8072,30,business,1.0125,LOW
CASE_0429,20,2500.95,8.0,2822.95,0,1,1313,9,furniture equipment,0.0941,LOW
CASE_0158,45,1800.0,8.0,1288.2,0,1,339,12,retraining,0.0596,LOW
CASE_0238,61,4392.06,8.0,21029.2,0,2,2767,21,business,0.399,HIGH
CASE_0397,55,5859.09,0.0,8378.5,0,0,2578,12,furniture equipment,0.1192,LOW
CASE_0119,23,2223.9,2.0,18408.3,2,2,4281,33,furniture equipment,0.6898,HIGH
CASE_0019,44,17470.83,8.0,47800.2,0,0,12579,24,used car,0.228,HIGH
CASE_0877,36,2939.39,0.5,6305.0,0,0,1940,18,radio television,0.1788,LOW
CASE_0632,44,2875.93,2.0,5901.4,0,1,1553,18,furniture equipment,0.171,HIGH
CASE_0712,35,6655.56,8.0,4552.4,0,0,1198,6,education,0.057,HIGH
CASE_0082,47,2695.56,8.0,4609.4,0,3,1213,15,radio television,0.1425,LOW
CASE_0969,29,3412.38,5.0,19348.2,0,3,7166,42,radio television,0.4725,LOW
CASE_0454,35,3708.33,8.0,10146.0,0,1,2670,24,used car,0.228,LOW
CASE_0349,34,4980.0,2.0,7494.9,1,3,1743,6,business,0.1254,LOW
CASE_0085,52,6313.64,8.0,7523.75,0,2,2315,10,radio television,0.0993,LOW
CASE_0101,41,2040.28,8.0,5582.2,0,3,1469,24,new car,0.228,LOW
CASE_0822,24,6854.55,2.0,9802.0,0,1,3016,12,radio television,0.1192,LOW
CASE_0137,27,6380.0,2.0,46510.2,1,3,8613,27,used car,0.6075,LOW
CASE_0009,61,5098.33,5.0,8259.3,0,4,3059,12,radio television,0.135,LOW
CASE_0162,30,1953.7,0.5,8018.0,2,2,1055,18,new car,0.342,LOW
CASE_0808,65,2583.33,8.0,14136.0,2,3,930,12,radio television,0.456,LOW
CASE_0940,46,5701.67,2.0,36946.8,2,3,6842,24,used car,0.54,LOW
CASE_0625,65,4814.81,2.0,19760.0,0,0,2600,18,radio television,0.342,HIGH
CASE_0947,30,4651.39,0.5,12726.2,0,1,3349,24,furniture equipment,0.228,HIGH
CASE_0724,66,2925.93,2.0,3002.0,0,3,790,9,radio television,0.0855,LOW
CASE_0895,29,2164.81,2.0,8884.4,2,3,1169,18,radio television,0.342,LOW
CASE_0687,27,4490.0,5.0,10237.2,2,3,1347,10,radio television,0.19,LOW
CASE_0960,30,4262.5,8.0,11662.2,0,1,3069,24,furniture equipment,0.228,LOW
CASE_0381,39,3686.67,5.0,8405.6,0,2,2212,20,furniture equipment,0.19,LOW
CASE_0370,40,3334.44,5.0,8102.7,0,2,3001,18,furniture equipment,0.2025,LOW
CASE_0211,33,5855.24,2.0,13218.2,2,3,3074,9,radio television,0.1881,LOW
CASE_0483,57,4024.44,8.0,27527.2,0,4,3622,30,furniture equipment,0.57,LOW
CASE_0649,38,1800.0,5.0,3598.6,0,0,947,24,new car,0.1666,HIGH
CASE_0763,24,6150.0,2.0,8413.2,0,2,2214,12,radio television,0.114,LOW
CASE_0990,48,2420.83,8.0,13246.8,2,2,1743,24,radio television,0.456,LOW
CASE_0140,44,3135.0,2.0,5078.7,0,1,1881,12,radio television,0.135,LOW
CASE_0247,52,1991.67,8.0,8173.8,2,2,717,12,radio television,0.342,LOW
CASE_0473,28,2422.22,2.0,2485.2,0,1,654,9,new car,0.0855,HIGH
CASE_0946,30,2985.0,0.5,35939.4,0,2,8358,48,new car,1.0033,LOW
CASE_0204,21,2505.56,5.0,3427.6,0,2,902,12,retraining,0.114,HIGH
CASE_0263,36,5891.11,8.0,42946.2,2,0,5302,18,new car,0.6075,LOW
CASE_0440,26,1800.0,0.5,2314.2,0,2,609,12,business,0.1071,HIGH
CASE_0955,29,5258.33,2.0,7193.4,0,2,1893,12,new car,0.114,LOW
CASE_0165,36,1800.0,8.0,3454.2,0,3,909,36,new car,0.1599,LOW
CASE_0352,29,1826.67,2.0,2061.85,0,1,959,9,furniture equipment,0.0941,HIGH
CASE_0295,46,5297.92,8.0,57980.4,2,2,7629,48,business,0.912,LOW
CASE_0629,36,3207.94,2.0,30719.2,2,3,4042,42,furniture equipment,0.798,LOW
CASE_0377,34,2577.78,0.0,12528.0,1,2,2320,18,radio television,0.405,LOW
CASE_0102,24,2150.93,5.0,8827.4,0,1,2323,36,radio television,0.342,LOW
CASE_0842,28,3887.01,2.0,19454.5,1,2,2993,21,used car,0.4171,LOW
CASE_0293,44,5349.17,8.0,34662.6,2,0,6419,24,used car,0.54,LOW
CASE_0693,29,2413.33,0.5,7819.2,0,2,2896,24,radio television,0.27,LOW
CASE_0439,65,2693.65,0.0,25794.4,2,1,3394,42,repairs,0.798,LOW
CASE_0394,31,5591.43,5.0,4207.55,2,1,1957,6,radio television,0.0627,LOW
CASE_0537,75,7633.33,0.0,5221.2,0,3,1374,6,new car,0.057,LOW
CASE_0259,23,4356.57,0.5,8195.8,0,2,3812,15,used car,0.1568,LOW
CASE_0670,47,3352.22,8.0,11464.6,2,2,3017,30,radio television,0.285,LOW
CASE_0392,19,1800.0,0.5,2113.45,0,4,983,12,furniture equipment,0.0978,LOW
CASE_0314,25,1800.0,5.0,1849.5,0,1,685,12,new car,0.0856,HIGH
CASE_0722,24,2405.56,0.5,1645.4,0,4,433,6,education,0.057,HIGH
CASE_0650,40,1900.0,2.0,2599.2,0,1,684,12,education,0.114,HIGH
CASE_0757,74,3711.43,2.0,8378.55,2,2,1299,6,new car,0.1881,LOW
CASE_0509,28,1962.5,2.0,5369.4,0,2,1413,24,radio television,0.228,LOW
CASE_0766,40,2625.0,8.0,7507.5,0,2,1155,12,radio television,0.2383,LOW
CASE_0630,64,7299.05,8.0,8238.8,0,3,3832,9,education,0.0941,LOW
CASE_0847,68,7512.22,2.0,36509.4,0,2,6761,18,new car,0.405,HIGH
CASE_0917,32,4882.29,2.0,6123.2,0,3,2848,10,used car,0.1045,LOW
CASE_0681,56,4394.29,0.5,3306.7,0,0,1538,6,education,0.0627,LOW
CASE_0815,46,2729.86,5.0,14937.8,0,0,3931,48,new car,0.456,HIGH
CASE_0706,35,6084.57,8.0,11446.6,0,1,5324,15,new car,0.1568,LOW
CASE_0461,37,1800.0,2.0,7783.0,0,2,3620,36,furniture equipment,0.3603,LOW
CASE_0925,55,5726.67,0.5,18554.4,0,2,6872,24,furniture equipment,0.27,HIGH
CASE_0550,35,3690.83,5.0,47833.2,2,1,8858,48,used car,1.08,LOW
CASE_0788,38,1910.42,8.0,20907.6,2,2,2751,48,used car,0.912,LOW
CASE_0593,36,2495.24,8.0,5973.6,0,4,1572,21,business,0.1995,LOW
CASE_0232,51,5571.11,8.0,6768.9,0,1,2507,9,new car,0.1013,LOW
CASE_0579,27,2611.11,0.5,21432.0,2,1,2820,36,new car,0.684,HIGH
CASE_0419,31,2271.02,5.0,5981.3,0,2,2782,21,new car,0.2195,LOW
CASE_0868,42,5551.67,8.0,8993.7,2,2,3331,12,furniture equipment,0.135,LOW
CASE_0358,26,4132.41,2.0,33918.8,1,1,4463,36,radio television,0.684,HIGH
CASE_0613,29,5328.57,0.5,12756.6,0,3,3357,21,radio television,0.1995,LOW
CASE_0732,21,1800.0,2.0,5364.9,0,2,1987,24,radio television,0.2484,HIGH
CASE_0219,24,2517.5,2.0,8156.7,0,2,3021,24,furniture equipment,0.27,LOW
CASE_0574,22,1800.0,2.0,3062.8,0,2,806,15,business,0.1418,LOW
CASE_0227,27,3914.64,5.0,47132.3,0,2,10961,48,radio television,1.0033,HIGH
CASE_0850,57,1969.44,8.0,2694.2,0,2,709,12,radio television,0.114,HIGH
CASE_0467,29,2304.17,0.5,6304.2,1,1,1659,24,radio television,0.228,HIGH
CASE_0867,27,4424.07,0.5,9078.2,0,1,2389,18,radio television,0.171,LOW
CASE_0776,25,1904.17,2.0,5209.8,0,3,1371,24,new car,0.228,HIGH
CASE_0735,37,14485.71,5.0,7267.0,2,2,3380,4,new car,0.0418,LOW
CASE_0270,25,1800.0,8.0,7592.4,0,2,999,24,radio television,0.3515,LOW
CASE_0615,22,3348.15,5.0,6870.4,1,2,1808,18,furniture equipment,0.171,HIGH
CASE_0510,45,7340.17,8.0,32634.4,0,2,8588,39,used car,0.3705,LOW
CASE_0344,33,4227.62,8.0,9543.85,0,2,4439,18,business,0.1881,LOW
CASE_0479,39,2356.82,5.0,3370.25,0,3,1037,12,business,0.1192,LOW
CASE_0025,26,4138.0,2.0,11172.6,2,2,2069,10,furniture equipment,0.225,LOW
CASE_0075,40,1830.56,8.0,7512.6,0,1,1977,36,education,0.342,HIGH
CASE_0575,27,4007.41,8.0,8223.2,0,1,1082,9,radio television,0.171,LOW
CASE_0899,33,2498.29,5.0,4699.9,0,3,2186,15,furniture equipment,0.1568,LOW
CASE_0076,66,4238.89,8.0,11597.6,2,0,1526,12,used car,0.228,LOW
CASE_0444,41,1997.22,8.0,2732.2,0,1,719,12,education,0.114,HIGH
CASE_0443,29,2629.0,2.0,14196.6,1,1,2629,20,others,0.45,LOW
CASE_0903,42,5820.56,8.0,56575.8,2,1,10477,36,used car,0.81,LOW
CASE_0231,26,3898.15,2.0,15998.0,0,1,4210,36,radio television,0.342,HIGH
CASE_0403,27,7206.67,0.5,46699.2,1,1,8648,24,business,0.54,HIGH
CASE_0350,32,4207.41,8.0,8633.6,2,2,1136,9,education,0.171,HIGH
CASE_0765,27,3420.83,5.0,18718.8,2,3,2463,24,new car,0.456,LOW
CASE_0827,33,3777.14,8.0,25580.7,2,2,3966,18,new car,0.5644,HIGH
CASE_0110,35,1800.0,8.0,3031.5,0,3,1410,14,business,0.1403,LOW
CASE_0111,31,4140.0,8.0,6230.7,1,2,1449,6,business,0.1254,LOW
CASE_0502,42,3051.67,8.0,14831.1,0,0,5493,36,used car,0.405,LOW
CASE_0972,43,5280.71,2.0,15894.95,0,2,7393,24,new car,0.2508,LOW
CASE_0744,22,3448.61,2.0,9435.4,0,3,2483,24,furniture equipment,0.228,LOW
CASE_0151,42,4486.67,8.0,3634.2,0,1,1346,6,radio television,0.0675,LOW
CASE_0959,45,3901.95,2.0,13019.5,0,1,4006,28,new car,0.2781,HIGH
CASE_0605,23,4250.0,0.5,4845.0,0,2,1275,10,furniture equipment,0.095,LOW
CASE_0729,59,4455.56,8.0,24380.8,0,0,6416,48,business,0.456,HIGH
CASE_0589,47,2253.7,2.0,4624.6,0,2,1217,18,domestic appliances,0.171,HIGH
CASE_0965,22,2063.64,0.5,1475.5,0,2,454,6,repairs,0.0596,LOW
CASE_0979,47,3525.0,8.0,19288.8,1,1,2538,24,new car,0.456,HIGH
CASE_0180,65,1800.0,8.0,4339.6,2,2,571,21,new car,0.2009,LOW
CASE_0315,29,6402.86,0.5,3212.1,0,3,1494,4,new car,0.0418,LOW
CASE_0714,25,4214.81,2.0,8648.8,2,2,1138,9,radio television,0.171,LOW
CASE_0619,21,2294.0,2.0,9290.7,0,2,3441,30,furniture equipment,0.3375,HIGH
CASE_0095,54,3661.11,8.0,5008.4,0,4,1318,12,new car,0.114,LOW
CASE_0984,26,4571.67,2.0,22218.3,0,2,8229,36,used car,0.405,HIGH
CASE_0054,31,3753.33,2.0,9120.6,0,3,3378,18,used car,0.2025,LOW
CASE_0492,42,6161.48,8.0,44917.2,0,0,8318,27,business,0.6075,HIGH
CASE_0441,39,5233.33,8.0,7159.2,0,1,1884,12,new car,0.114,LOW
CASE_0957,49,4062.22,8.0,27785.6,2,3,3656,30,radio television,0.57,LOW
CASE_0181,28,4558.1,0.5,41159.6,1,1,9572,36,business,0.7525,HIGH
CASE_0983,28,2386.12,2.0,6284.45,0,2,2923,21,new car,0.2195,LOW
CASE_0496,20,2496.67,2.0,8089.2,0,2,2996,24,furniture equipment,0.27,HIGH
CASE_0445,30,2123.33,2.0,13759.2,2,1,5096,48,furniture equipment,0.54,HIGH
CASE_0096,58,8053.03,0.5,51821.25,0,0,15945,54,business,0.5363,HIGH
CASE_0508,34,7828.57,0.0,14727.5,0,3,6850,15,new car,0.1568,HIGH
CASE_0660,41,7067.78,8.0,17174.7,2,0,6361,18,furniture equipment,0.2025,LOW
CASE_0383,25,1943.94,5.0,4875.4,0,3,1283,22,new car,0.209,LOW
CASE_0254,35,3459.17,2.0,22415.4,1,3,4151,24,furniture equipment,0.54,LOW
CASE_0834,42,4236.67,8.0,13726.8,0,2,5084,24,radio television,0.27,LOW
CASE_0093,33,2213.89,8.0,3028.6,2,3,797,12,radio television,0.114,HIGH
CASE_0255,24,4511.11,5.0,5481.0,0,2,2030,9,furniture equipment,0.1013,LOW
CASE_0884,65,2033.33,0.0,8344.8,2,1,1098,18,radio television,0.342,LOW
CASE_0974,36,4053.89,8.0,27728.6,0,0,7297,60,business,0.57,HIGH
CASE_0909,46,4107.43,0.5,15454.2,1,2,3594,15,used car,0.3135,LOW
CASE_0555,67,4440.74,5.0,9112.4,0,2,1199,9,education,0.171,LOW
CASE_0335,23,4670.45,8.0,26715.0,0,0,4110,24,furniture equipment,0.4767,HIGH
CASE_0606,22,3927.78,2.0,10746.4,0,3,2828,24,furniture equipment,0.228,LOW
CASE_0938,30,11461.11,0.5,7839.4,0,1,2063,6,radio television,0.057,LOW
CASE_0573,26,4527.5,0.0,14669.1,0,3,5433,24,used car,0.27,LOW
CASE_0520,36,3888.89,8.0,5320.0,2,1,700,6,radio television,0.114,LOW
CASE_0521,44,6257.95,8.0,35795.5,2,0,5507,24,repairs,0.4767,LOW
CASE_0642,38,2906.67,8.0,9940.8,0,1,1308,15,repairs,0.285,LOW
CASE_0874,24,1942.22,0.5,3321.2,0,3,874,15,domestic appliances,0.1425,LOW
CASE_0872,46,3837.14,8.0,5774.9,2,2,1343,6,new car,0.1254,LOW
CASE_0528,42,7515.0,5.0,8116.2,2,2,1503,4,radio television,0.09,LOW
CASE_0455,31,4014.17,5.0,13005.9,0,2,4817,24,new car,0.27,HIGH
CASE_0417,33,7163.89,0.5,9800.2,0,2,2579,12,new car,0.114,HIGH
CASE_0860,26,6813.33,2.0,7690.55,0,3,3577,9,new car,0.0941,LOW
CASE_0449,55,3236.36,8.0,4628.0,0,3,1424,12,furniture equipment,0.1192,LOW
CASE_0285,37,5386.11,0.5,14736.4,2,2,3878,24,new car,0.228,LOW
CASE_0811,26,3092.05,0.5,2947.75,0,2,907,8,business,0.0794,LOW
CASE_0741,32,1937.5,5.0,6277.5,0,2,2325,24,new car,0.27,LOW
CASE_0311,40,3057.39,0.0,17488.25,0,1,5381,48,others,0.4767,LOW
CASE_0430,55,1800.0,0.0,9639.0,2,0,1190,18,repairs,0.4462,HIGH
CASE_0590,60,5104.55,8.0,14599.0,2,2,2246,12,furniture equipment,0.2383,HIGH
CASE_0040,24,1800.0,2.0,1740.4,0,2,458,9,radio television,0.0806,LOW
CASE_0739,45,19317.14,5.0,29072.3,2,0,6761,6,new car,0.1254,LOW
CASE_0446,41,4607.41,8.0,9454.4,2,3,1244,9,education,0.171,LOW
CASE_0269,45,10993.47,8.0,19302.7,0,2,8978,14,new car,0.1463,HIGH
CASE_0852,43,4593.18,5.0,26273.0,2,3,4042,24,used car,0.4767,LOW
CASE_0024,44,4100.0,0.5,5863.0,2,3,1804,12,used car,0.1192,LOW
CASE_0779,38,5287.96,8.0,43403.6,2,3,5711,36,used car,0.684,LOW
CASE_0241,29,1800.0,8.0,3477.0,0,2,915,24,new car,0.161,HIGH
CASE_0301,54,1920.0,0.0,1444.8,0,2,672,6,new car,0.0627,LOW
CASE_0501,27,4337.5,0.5,11867.4,0,2,3123,24,new car,0.228,HIGH
CASE_0796,22,5113.33,0.5,6212.7,0,3,2301,9,furniture equipment,0.1013,LOW
CASE_0426,21,2646.67,2.0,5974.85,0,1,2779,18,used car,0.1881,LOW
CASE_0228,53,21847.22,8.0,29887.0,0,0,7865,12,furniture equipment,0.114,HIGH
CASE_0652,37,5338.89,2.0,7303.6,0,2,1922,12,furniture equipment,0.114,HIGH
CASE_0775,66,2466.67,0.0,11988.0,2,1,1480,12,new car,0.405,LOW
CASE_0005,53,5534.09,2.0,31655.0,1,0,4870,24,new car,0.4767,HIGH
CASE_0062,50,3415.56,8.0,11681.2,2,3,1537,15,radio television,0.285,LOW
CASE_0189,20,1872.22,5.0,2561.2,0,3,674,12,radio television,0.114,HIGH
CASE_0517,40,4536.67,0.5,3674.7,2,2,1361,6,new car,0.0675,LOW
CASE_0042,26,2631.82,2.0,3763.5,0,2,1158,12,radio television,0.1192,LOW
CASE_0098,34,4855.56,2.0,9963.6,0,2,2622,18,business,0.171,LOW
CASE_0715,27,7792.78,5.0,53302.6,0,0,14027,60,new car,0.57,HIGH
CASE_0920,39,4645.83,8.0,12711.0,0,2,3345,24,furniture equipment,0.228,HIGH
CASE_0991,37,5941.67,0.5,19251.0,2,3,3565,12,education,0.27,LOW
CASE_0701,29,3119.44,2.0,4267.4,0,2,1123,12,furniture equipment,0.114,HIGH
CASE_0866,20,2961.33,2.0,5996.7,0,2,2221,15,furniture equipment,0.1688,LOW
CASE_0869,37,5612.88,8.0,48158.5,0,3,7409,36,business,0.715,LOW
CASE_0066,48,6407.41,8.0,78888.0,0,3,5190,27,repairs,1.026,LOW
CASE_0442,30,2700.0,2.0,4374.0,0,2,1620,12,furniture equipment,0.135,LOW
CASE_0839,63,4106.94,8.0,22473.2,2,2,2957,24,used car,0.456,LOW
CASE_0823,41,1800.0,8.0,7322.4,0,2,2712,36,furniture equipment,0.339,HIGH
CASE_0902,44,3485.0,0.5,18819.0,2,3,3485,20,new car,0.45,LOW
CASE_0118,27,4264.0,0.5,11512.8,2,3,2132,10,furniture equipment,0.225,LOW
CASE_0935,23,4161.11,2.0,5692.4,0,1,1498,12,radio television,0.114,LOW
CASE_0901,43,3281.25,8.0,7087.5,2,2,2625,16,new car,0.18,HIGH
CASE_0489,35,3867.27,2.0,4608.5,0,3,1418,10,new car,0.0993,LOW
CASE_0125,27,3562.96,0.5,7311.2,0,3,1924,18,furniture equipment,0.171,HIGH
CASE_0921,28,3364.81,2.0,13809.2,2,0,1817,18,furniture equipment,0.342,LOW
CASE_0363,36,3745.0,2.0,12133.8,1,1,2247,12,new car,0.27,LOW
CASE_0387,21,2085.19,0.5,4278.8,0,3,1126,18,radio television,0.171,LOW
CASE_0493,27,3534.29,2.0,5319.1,2,3,1237,6,radio television,0.1254,LOW
CASE_0546,43,1851.39,0.0,10130.8,1,2,1333,24,new car,0.456,HIGH
CASE_0299,43,3810.61,2.0,8173.75,0,2,2515,18,furniture equipment,0.1787,LOW
CASE_0418,23,8067.62,2.0,36425.3,1,2,8471,18,education,0.3762,LOW
CASE_0750,33,4038.67,5.0,8178.3,0,1,3029,15,used car,0.1687,LOW
